{
    "data": [
        {"name": "apple penne", "album": "anyalbum", "artist": "arrahman","duration":3252, "onServer": true,"path":""},
        {"name": "orage penne", "album": "santhiramuki", "artist": "ilayarajah","duration":2424, "onServer": true,"path":""},
        {"name": "grapes penne", "album": "petta", "artist": "aniruth","duration":32252, "onServer": true,"path":""},
        {"name": "jak penne", "album": "visvaasam", "artist": "harisjeyaraj","duration":32, "onServer": true,"path":""}
    ]
}
