<project xmlns="http://maven.apache.org/POM/4.0.0"   
xmlns:xsi="http://www.w3.org/2001/XMLSchema-instance"  
  xsi:schemaLocation="http://maven.apache.org/POM/4.0.0   
http://maven.apache.org/xsd/maven-4.0.0.xsd">  
  
  <modelVersion>4.0.0</modelVersion>  
  
  <groupId>com.JK.MPML</groupId>  
  <artifactId>Media Library</artifactId>  
  <version>1.0</version>  
  
   <packaging>jar</packaging>  
  
  <name>MPML JAR Dependencies</name>  
  <url>www.JK.com</url>  
  
  <dependencies>  
    <dependency>
		<groupId>commons-io</groupId>
		<artifactId>commons-io</artifactId>
		<version>20030203.000550</version>
	</dependency>
	<dependency>
	  <groupId>commons-cli</groupId>
	  <artifactId>commons-cli</artifactId>
	  <version>20040117.000000</version>
	</dependency>
	<dependency>
	  <groupId>commons-codec</groupId>
	  <artifactId>commons-codec</artifactId>
	  <version>20041127.091804</version>
	</dependency>
	<dependency>
	  <groupId>commons-logging</groupId>
	  <artifactId>commons-logging-api</artifactId>
	  <version>1.1</version>
	</dependency>
	<dependency>
	  <groupId>org.apache.httpcomponents</groupId>
	  <artifactId>fluent-hc</artifactId>
	  <version>4.5.8</version>
	</dependency>
	<dependency>
	  <groupId>org.apache.httpcomponents</groupId>
	  <artifactId>httpclient-osgi</artifactId>
	  <version>4.5.8</version>
	  <type>bundle</type>
	</dependency>
	<dependency>
	  <groupId>org.apache.httpcomponents</groupId>
	  <artifactId>httpclient-cache</artifactId>
	  <version>4.5.8</version>
	</dependency>
	<dependency>
	  <groupId>org.apache.httpcomponents</groupId>
	  <artifactId>httpclient-osgi</artifactId>
	  <version>4.5.8</version>
	  <type>bundle</type>
	</dependency>
	<dependency>
	  <groupId>org</groupId>
	  <artifactId>jaudiotagger</artifactId>
	  <version>2.0.3</version>
	</dependency>
	<dependency>
	  <groupId>com.jianggujin</groupId>
	  <artifactId>JCodec</artifactId>
	  <version>1.0.0</version>
	</dependency>
	<dependency>
	  <groupId>org.mp4parser</groupId>
	  <artifactId>isoparser</artifactId>
	  <version>1.9.39</version>
	</dependency>
	<dependency>
	  <groupId>org.apache.httpcomponents</groupId>
	  <artifactId>httpmime</artifactId>
	  <version>4.5.8</version>
	</dependency>
	
  </dependencies>  
  
</project>  