{
  "name": "NewV4New",
  "version": "0.0.1",
  "author": "Ionic Framework",
  "homepage": "https://ionicframework.com/",
  "scripts": {
    "ng": "ng",
    "start": "ng serve",
    "build": "ng build",
    "test": "ng test",
    "lint": "ng lint",
    "e2e": "ng e2e"
  },
  "private": true,
  "dependencies": {
    "@angular/animations": "^4.4.7",
    "@angular/common": "^7.2.2",
    "@angular/core": "^7.2.2",
    "@angular/forms": "^7.2.2",
    "@angular/http": "^7.2.2",
    "@angular/platform-browser": "^7.2.2",
    "@angular/platform-browser-dynamic": "^7.2.2",
    "@angular/router": "^7.2.2",
    "@ionic-native/core": "^5.0.0",
    "@ionic-native/file": "^5.0.0",
    "@ionic-native/file-opener": "^5.1.0",
    "@ionic-native/file-path": "^5.0.0",
    "@ionic-native/file-transfer": "^5.2.0",
    "@ionic-native/splash-screen": "^5.0.0",
    "@ionic-native/status-bar": "^5.0.0",
    "@ionic/angular": "^4.0.0",
    "@ionic/app-scripts": "^3.2.3",
    "@ionic/storage": "^2.2.0",
    "cordova-android": "^4.0.0",
    "cordova-browser": "5.0.4",
    "cordova-plugin-device": "^2.0.2",
    "cordova-plugin-file": "6.0.1",
    "cordova-plugin-file-opener2": "2.2.0",
    "cordova-plugin-file-transfer": "1.7.1",
    "cordova-plugin-filepath": "1.5.1",
    "cordova-plugin-ionic-keyboard": "^2.1.3",
    "cordova-plugin-ionic-webview": "^3.1.1",
    "cordova-plugin-music-controls": "2.2.0",
    "cordova-plugin-nativestorage": "2.3.2",
    "cordova-plugin-splashscreen": "^5.0.2",
    "cordova-plugin-statusbar": "^2.4.2",
    "cordova-plugin-whitelist": "git+https://github.com/apache/cordova-plugin-whitelist.git",
    "cordova-sqlite-storage": "3.1.0",
    "cordova-windows": "6.0.1",
    "core-js": "^2.5.4",
    "fs": "0.0.1-security",
    "ionic-native": "^2.9.0",
    "mysql": "^2.16.0",
    "platform": "^1.3.5",
    "rxjs": "~6.3.3",
    "zone.js": "~0.8.29"
  },
  "devDependencies": {
    "@angular-devkit/architect": "~0.12.3",
    "@angular-devkit/build-angular": "~0.12.3",
    "@angular-devkit/core": "~7.2.3",
    "@angular-devkit/schematics": "~7.2.3",
    "@angular/cli": "7.2.4",
    "@angular/compiler": "~7.2.2",
    "@angular/compiler-cli": "~7.2.2",
    "@angular/language-service": "~7.2.2",
    "@ionic/angular-toolkit": "~1.2.0",
    "@types/jasmine": "~2.8.8",
    "@types/jasminewd2": "~2.0.3",
    "@types/node": "^10.12.21",
    "codelyzer": "~4.5.0",
    "jasmine-core": "~2.99.1",
    "jasmine-spec-reporter": "~4.2.1",
    "karma": "~3.1.4",
    "karma-chrome-launcher": "~2.2.0",
    "karma-coverage-istanbul-reporter": "~2.0.1",
    "karma-jasmine": "~1.1.2",
    "karma-jasmine-html-reporter": "^0.2.2",
    "protractor": "~5.4.0",
    "ts-node": "~8.0.0",
    "tslint": "~5.12.0",
    "typescript": "~3.1.6"
  },
  "description": "An Ionic project",
  "cordova": {
    "plugins": {
      "cordova-plugin-file": {},
      "cordova-plugin-whitelist": {},
      "cordova-plugin-statusbar": {},
      "cordova-plugin-device": {},
      "cordova-plugin-splashscreen": {},
      "cordova-plugin-ionic-webview": {},
      "cordova-plugin-ionic-keyboard": {},
      "cordova-plugin-filepath": {},
      "cordova-plugin-music-controls": {},
      "cordova-plugin-file-opener2": {
        "ANDROID_SUPPORT_V4_VERSION": "27.+"
      },
      "cordova-sqlite-storage": {},
      "cordova-plugin-nativestorage": {},
      "cordova-plugin-file-transfer": {}
    },
    "platforms": [
      "browser",
      "windows",
      "android"
    ]
  }
}
